,path,label
0,div_328.png,3
1,div_98.png,3
2,div_314.png,3
3,div_300.png,3
4,div_67.png,3
5,div_73.png,3
6,eq_278.png,4
7,mul_18.png,2
8,mul_30.png,2
9,eq_244.png,4
10,div_116.png,3
11,eq_250.png,4
12,div_102.png,3
13,mul_24.png,2
14,plus_70.png,0
15,minus_49.png,1
16,mul_550.png,2
17,mul_236.png,2
18,plus_4.png,0
19,mul_222.png,2
20,mul_544.png,2
21,plus_64.png,0
22,minus_75.png,1
23,eq_287.png,4
24,eq_293.png,4
25,plus_58.png,0
26,minus_61.png,1
27,eq_29.png,4
28,eq_1.png,4
29,mul_381.png,2
30,mul_395.png,2
31,eq_318.png,4
32,eq_15.png,4
33,eq_330.png,4
34,eq_324.png,4
35,mul_424.png,2
36,mul_342.png,2
37,mul_356.png,2
38,mul_430.png,2
39,mul_418.png,2
40,mul_183.png,2
41,minus_110.png,1
42,minus_104.png,1
43,mul_197.png,2
44,div_248.png,3
45,eq_132.png,4
46,div_260.png,3
47,eq_126.png,4
48,div_274.png,3
49,mul_140.png,2
50,mul_154.png,2
51,mul_168.png,2
52,mul_169.png,2
53,mul_155.png,2
54,mul_141.png,2
55,div_275.png,3
56,eq_127.png,4
57,div_261.png,3
58,eq_133.png,4
59,minus_105.png,1
60,div_249.png,3
61,mul_196.png,2
62,mul_182.png,2
63,plus.png,0
64,minus_111.png,1
65,mul_419.png,2
66,mul_357.png,2
67,mul_431.png,2
68,mul_425.png,2
69,mul_343.png,2
70,eq_325.png,4
71,eq_14.png,4
72,eq_331.png,4
73,eq_319.png,4
74,mul_394.png,2
75,eq_28.png,4
76,mul_380.png,2
77,eq_292.png,4
78,minus_60.png,1
79,plus_59.png,0
80,minus_74.png,1
81,eq_286.png,4
82,mul_223.png,2
83,plus_65.png,0
84,mul_545.png,2
85,mul_551.png,2
86,minus_48.png,1
87,plus_71.png,0
88,plus_5.png,0
89,mul_237.png,2
90,div_103.png,3
91,eq_251.png,4
92,mul_25.png,2
93,mul_31.png,2
94,div_117.png,3
95,eq_245.png,4
96,mul_19.png,2
97,eq_279.png,4
98,div_72.png,3
99,div_66.png,3
100,div_301.png,3
101,div_315.png,3
102,div_329.png,3
103,div_99.png,3
104,div_303.png,3
105,div_317.png,3
106,div_58.png,3
107,div_70.png,3
108,div_64.png,3
109,div_129.png,3
110,minus_89.png,1
111,mul_27.png,2
112,eq_253.png,4
113,div_101.png,3
114,eq_247.png,4
115,div_115.png,3
116,mul_33.png,2
117,mul_547.png,2
118,plus_67.png,0
119,mul_221.png,2
120,plus_7.png,0
121,mul_235.png,2
122,plus_73.png,0
123,mul_553.png,2
124,minus_62.png,1
125,eq_290.png,4
126,mul_209.png,2
127,eq_284.png,4
128,minus_76.png,1
129,mul_396.png,2
130,mul_382.png,2
131,eq_2.png,4
132,eq_327.png,4
133,eq_333.png,4
134,eq_16.png,4
135,mul_433.png,2
136,mul_355.png,2
137,mul_341.png,2
138,mul_427.png,2
139,mul_369.png,2
140,eq_119.png,4
141,mul_194.png,2
142,minus_107.png,1
143,minus_113.png,1
144,mul_180.png,2
145,eq_125.png,4
146,div_277.png,3
147,eq_131.png,4
148,div_263.png,3
149,mul_157.png,2
150,div_288.png,3
151,mul_143.png,2
152,mul_142.png,2
153,div_289.png,3
154,mul_156.png,2
155,div_262.png,3
156,eq_130.png,4
157,div_276.png,3
158,eq_124.png,4
159,minus_112.png,1
160,mul_181.png,2
161,mul_195.png,2
162,eq_118.png,4
163,minus_106.png,1
164,mul_368.png,2
165,mul_340.png,2
166,mul_426.png,2
167,mul_432.png,2
168,mul_354.png,2
169,eq_332.png,4
170,eq_17.png,4
171,eq_326.png,4
172,mul_383.png,2
173,eq_3.png,4
174,mul_397.png,2
175,eq_285.png,4
176,mul_208.png,2
177,minus_77.png,1
178,minus_63.png,1
179,eq_291.png,4
180,mul_234.png,2
181,plus_6.png,0
182,mul_552.png,2
183,plus_72.png,0
184,plus_66.png,0
185,mul_546.png,2
186,mul_220.png,2
187,div_114.png,3
188,eq_246.png,4
189,mul_32.png,2
190,mul_26.png,2
191,div_100.png,3
192,eq_252.png,4
193,div_128.png,3
194,minus_88.png,1
195,div_65.png,3
196,div_71.png,3
197,div_59.png,3
198,div_316.png,3
199,div_302.png,3
200,div_306.png,3
201,div_312.png,3
202,div_75.png,3
203,div_61.png,3
204,div_49.png,3
205,eq_256.png,4
206,div_104.png,3
207,mul_22.png,2
208,plus_89.png,0
209,mul_36.png,2
210,eq_242.png,4
211,div_110.png,3
212,div_138.png,3
213,minus_98.png,1
214,mul_218.png,2
215,eq_295.png,4
216,minus_67.png,1
217,minus_73.png,1
218,eq_281.png,4
219,mul_224.png,2
220,mul_542.png,2
221,plus_62.png,0
222,plus_76.png,0
223,mul_556.png,2
224,plus_2.png,0
225,mul_230.png,2
226,eq_322.png,4
227,eq_13.png,4
228,eq_336.png,4
229,mul_393.png,2
230,eq_7.png,4
231,mul_387.png,2
232,mul_378.png,2
233,mul_350.png,2
234,mul_436.png,2
235,mul_422.png,2
236,mul_344.png,2
237,eq_120.png,4
238,eq_120.png,4
239,div_272.png,3
240,eq_134.png,4
241,div_266.png,3
242,minus_102.png,1
243,mul_191.png,2
244,eq_108.png,4
245,mul_185.png,2
246,minus_116.png,1
247,mul_152.png,2
248,div_299.png,3
249,mul_146.png,2
250,mul_147.png,2
251,div_298.png,3
252,mul_153.png,2
253,mul_184.png,2
254,eq_109.png,4
255,minus_117.png,1
256,minus_103.png,1
257,mul_190.png,2
258,div_267.png,3
259,eq_135.png,4
260,div_273.png,3
261,eq_121.png,4
262,mul_423.png,2
263,mul_345.png,2
264,mul_351.png,2
265,mul_437.png,2
266,mul_379.png,2
267,eq_6.png,4
268,mul_386.png,2
269,mul_392.png,2
270,eq_12.png,4
271,eq_337.png,4
272,eq_323.png,4
273,mul_557.png,2
274,plus_77.png,0
275,mul_231.png,2
276,plus_3.png,0
277,mul_225.png,2
278,plus_63.png,0
279,mul_543.png,2
280,minus_72.png,1
281,eq_280.png,4
282,eq_294.png,4
283,mul_219.png,2
284,minus_66.png,1
285,div_139.png,3
286,minus_99.png,1
287,mul_37.png,2
288,plus_88.png,0
289,div_111.png,3
290,eq_243.png,4
291,div_105.png,3
292,eq_257.png,4
293,mul_23.png,2
294,div_48.png,3
295,div_60.png,3
296,div_74.png,3
297,div_313.png,3
298,div_307.png,3
299,div_311.png,3
300,div_305.png,3
301,div_89.png,3
302,div_62.png,3
303,div_76.png,3
304,eq_241.png,4
305,div_113.png,3
306,mul_35.png,2
307,mul_21.png,2
308,eq_255.png,4
309,div_107.png,3
310,eq_269.png,4
311,eq_282.png,4
312,minus_70.png,1
313,plus_49.png,0
314,minus_64.png,1
315,eq_296.png,4
316,mul_233.png,2
317,plus_1.png,0
318,plus_75.png,0
319,mul_555.png,2
320,minus_58.png,1
321,mul_541.png,2
322,plus_61.png,0
323,mul_227.png,2
324,eq_335.png,4
325,eq_10.png,4
326,eq_321.png,4
327,mul_384.png,2
328,eq_309.png,4
329,eq_4.png,4
330,eq_38.png,4
331,mul_390.png,2
332,mul_409.png,2
333,mul_347.png,2
334,mul_421.png,2
335,mul_435.png,2
336,mul_353.png,2
337,eq_137.png,4
338,div_265.png,3
339,eq_123.png,4
340,div_271.png,3
341,minus_115.png,1
342,div_259.png,3
343,mul_186.png,2
344,mul_192.png,2
345,minus_101.png,1
346,mul_179.png,2
347,mul_145.png,2
348,mul_151.png,2
349,mul_150.png,2
350,mul_144.png,2
351,mul_178.png,2
352,mul_193.png,2
353,minus_100.png,1
354,minus_114.png,1
355,mul_187.png,2
356,div_258.png,3
357,div_270.png,3
358,eq_122.png,4
359,div_264.png,3
360,eq_136.png,4
361,mul_434.png,2
362,mul_352.png,2
363,mul_346.png,2
364,mul_420.png,2
365,mul_408.png,2
366,eq_39.png,4
367,mul_391.png,2
368,eq_308.png,4
369,mul_385.png,2
370,eq_5.png,4
371,eq_320.png,4
372,eq_334.png,4
373,eq_11.png,4
374,plus_60.png,0
375,mul_540.png,2
376,minus_59.png,1
377,mul_226.png,2
378,mul_232.png,2
379,mul_554.png,2
380,plus_74.png,0
381,minus_65.png,1
382,eq_297.png,4
383,eq_283.png,4
384,plus_48.png,0
385,minus_71.png,1
386,eq_268.png,4
387,mul_20.png,2
388,div_106.png,3
389,eq_254.png,4
390,div_112.png,3
391,eq_240.png,4
392,mul_34.png,2
393,div_77.png,3
394,div_63.png,3
395,div_88.png,3
396,div_304.png,3
397,div_310.png,3
398,div_38.png,3
399,div_6.png,3
400,div_10.png,3
401,mul_296.png,2
402,div_149.png,3
403,mul_282.png,2
404,eq_227.png,4
405,div_175.png,3
406,mul_53.png,2
407,mul_47.png,2
408,eq_233.png,4
409,div_161.png,3
410,mul_255.png,2
411,mul_533.png,2
412,plus_13.png,0
413,mul_527.png,2
414,mul_241.png,2
415,mul_269.png,2
416,mul_90.png,2
417,minus_16.png,1
418,mul_84.png,2
419,mul_484.png,2
420,mul_490.png,2
421,eq_353.png,4
422,eq_76.png,4
423,eq_62.png,4
424,eq_347.png,4
425,mul_321.png,2
426,mul_447.png,2
427,eq_89.png,4
428,mul_453.png,2
429,mul_335.png,2
430,mul_309.png,2
431,eq_179.png,4
432,eq_151.png,4
433,div_203.png,3
434,eq_145.png,4
435,div_217.png,3
436,mul_123.png,2
437,mul_137.png,2
438,eq_192.png,4
439,eq_186.png,4
440,eq_187.png,4
441,eq_193.png,4
442,mul_136.png,2
443,mul_122.png,2
444,div_216.png,3
445,eq_144.png,4
446,div_202.png,3
447,eq_150.png,4
448,eq_178.png,4
449,mul_308.png,2
450,mul_452.png,2
451,mul_334.png,2
452,mul_320.png,2
453,eq_88.png,4
454,mul_446.png,2
455,eq_63.png,4
456,eq_346.png,4
457,eq_352.png,4
458,eq_77.png,4
459,mul_491.png,2
460,mul_485.png,2
461,mul_85.png,2
462,mul_268.png,2
463,minus_17.png,1
464,mul_91.png,2
465,mul_526.png,2
466,mul_240.png,2
467,mul_254.png,2
468,plus_12.png,0
469,mul_532.png,2
470,mul_46.png,2
471,div_160.png,3
472,eq_232.png,4
473,div_174.png,3
474,eq_226.png,4
475,mul_52.png,2
476,mul_283.png,2
477,div_148.png,3
478,mul_297.png,2
479,div_11.png,3
480,div_7.png,3
481,div_39.png,3
482,mul_1.png,2
483,mul_3.png,2
484,div_13.png,3
485,div_5.png,3
486,mul_281.png,2
487,mul_78.png,2
488,eq_218.png,4
489,mul_295.png,2
490,eq_230.png,4
491,div_162.png,3
492,mul_44.png,2
493,mul_50.png,2
494,eq_224.png,4
495,div_176.png,3
496,mul_242.png,2
497,mul_524.png,2
498,minus_29.png,1
499,mul_530.png,2
500,plus_10.png,0
501,mul_256.png,2
502,div_189.png,3
503,mul_87.png,2
504,mul_518.png,2
505,plus_38.png,0
506,mul_93.png,2
507,minus_15.png,1
508,mul_493.png,2
509,eq_49.png,4
510,mul_487.png,2
511,eq_344.png,4
512,eq_61.png,4
513,eq_75.png,4
514,eq_350.png,4
515,mul_336.png,2
516,mul_450.png,2
517,mul_444.png,2
518,mul_322.png,2
519,mul_478.png,2
520,div_228.png,3
521,eq_146.png,4
522,div_214.png,3
523,eq_152.png,4
524,div_200.png,3
525,mul_134.png,2
526,mul_120.png,2
527,mul_108.png,2
528,eq_185.png,4
529,eq_191.png,4
530,eq_190.png,4
531,eq_184.png,4
532,mul_109.png,2
533,mul_121.png,2
534,mul_135.png,2
535,div_201.png,3
536,eq_153.png,4
537,div_215.png,3
538,eq_147.png,4
539,div_229.png,3
540,mul_479.png,2
541,mul_445.png,2
542,mul_323.png,2
543,mul_337.png,2
544,mul_451.png,2
545,eq_74.png,4
546,eq_351.png,4
547,eq_345.png,4
548,eq_60.png,4
549,mul_486.png,2
550,eq_48.png,4
551,mul_492.png,2
552,minus_14.png,1
553,mul_92.png,2
554,plus_39.png,0
555,mul_519.png,2
556,mul_86.png,2
557,plus_11.png,0
558,mul_531.png,2
559,minus_28.png,1
560,div_188.png,3
561,mul_257.png,2
562,mul_243.png,2
563,mul_525.png,2
564,mul_51.png,2
565,div_177.png,3
566,eq_225.png,4
567,div_163.png,3
568,eq_231.png,4
569,mul_45.png,2
570,mul_294.png,2
571,eq_219.png,4
572,mul_280.png,2
573,mul_79.png,2
574,div_4.png,3
575,div_12.png,3
576,mul_2.png,2
577,mul_6.png,2
578,div_16.png,3
579,mul_41.png,2
580,eq_235.png,4
581,div_167.png,3
582,eq_221.png,4
583,div_173.png,3
584,mul_55.png,2
585,minus_8.png,1
586,eq_209.png,4
587,mul_284.png,2
588,mul_290.png,2
589,mul_69.png,2
590,mul_82.png,2
591,plus_29.png,0
592,minus_10.png,1
593,mul_96.png,2
594,mul_509.png,2
595,minus_38.png,1
596,mul_521.png,2
597,div_198.png,3
598,mul_247.png,2
599,mul_253.png,2
600,mul_535.png,2
601,plus_15.png,0
602,eq_64.png,4
603,eq_341.png,4
604,eq_355.png,4
605,eq_70.png,4
606,mul_496.png,2
607,eq_58.png,4
608,mul_482.png,2
609,mul_469.png,2
610,mul_455.png,2
611,mul_333.png,2
612,mul_327.png,2
613,mul_441.png,2
614,eq_143.png,4
615,div_211.png,3
616,eq_157.png,4
617,div_205.png,3
618,div_239.png,3
619,eq_180.png,4
620,mul_119.png,2
621,eq_194.png,4
622,mul_131.png,2
623,mul_125.png,2
624,mul_124.png,2
625,mul_130.png,2
626,eq_195.png,4
627,mul_118.png,2
628,eq_181.png,4
629,div_238.png,3
630,div_204.png,3
631,eq_156.png,4
632,div_210.png,3
633,eq_142.png,4
634,mul_326.png,2
635,mul_440.png,2
636,mul_454.png,2
637,mul_332.png,2
638,mul_468.png,2
639,mul_483.png,2
640,eq_59.png,4
641,mul_497.png,2
642,eq_354.png,4
643,eq_71.png,4
644,eq_65.png,4
645,eq_340.png,4
646,mul_252.png,2
647,plus_14.png,0
648,mul_534.png,2
649,mul_520.png,2
650,minus_39.png,1
651,mul_246.png,2
652,div_199.png,3
653,mul_508.png,2
654,mul_97.png,2
655,minus_11.png,1
656,plus_28.png,0
657,mul_83.png,2
658,mul_291.png,2
659,mul_68.png,2
660,minus_9.png,1
661,mul_285.png,2
662,eq_208.png,4
663,div_172.png,3
664,eq_220.png,4
665,mul_54.png,2
666,mul_40.png,2
667,div_166.png,3
668,eq_234.png,4
669,div_1.png,3
670,div_17.png,3
671,mul_7.png,2
672,div.png,3
673,mul_5.png,2
674,div_3.png,3
675,div_15.png,3
676,div_29.png,3
677,mul_56.png,2
678,eq_222.png,4
679,div_170.png,3
680,eq_236.png,4
681,div_164.png,3
682,mul_42.png,2
683,mul_293.png,2
684,div_158.png,3
685,mul_287.png,2
686,minus_13.png,1
687,mul_95.png,2
688,mul_278.png,2
689,mul_81.png,2
690,mul_536.png,2
691,plus_16.png,0
692,mul_250.png,2
693,mul_244.png,2
694,mul_522.png,2
695,eq_73.png,4
696,eq_356.png,4
697,eq_342.png,4
698,eq_67.png,4
699,mul_481.png,2
700,mul_495.png,2
701,mul_318.png,2
702,mul_442.png,2
703,mul_324.png,2
704,mul_330.png,2
705,eq_98.png,4
706,mul_456.png,2
707,eq_154.png,4
708,div_206.png,3
709,eq_140.png,4
710,div_212.png,3
711,eq_168.png,4
712,eq_197.png,4
713,eq_183.png,4
714,mul_126.png,2
715,mul_132.png,2
716,mul_133.png,2
717,mul_127.png,2
718,eq_182.png,4
719,eq_196.png,4
720,eq_169.png,4
721,div_213.png,3
722,eq_141.png,4
723,div_207.png,3
724,eq_155.png,4
725,mul_331.png,2
726,mul_457.png,2
727,eq_99.png,4
728,mul_443.png,2
729,mul_325.png,2
730,mul_319.png,2
731,mul_494.png,2
732,mul_480.png,2
733,eq_343.png,4
734,eq_66.png,4
735,eq_72.png,4
736,eq_357.png,4
737,mul_245.png,2
738,mul_523.png,2
739,plus_17.png,0
740,mul_537.png,2
741,mul_251.png,2
742,mul_279.png,2
743,mul_80.png,2
744,mul_94.png,2
745,minus_12.png,1
746,mul_286.png,2
747,div_159.png,3
748,mul_292.png,2
749,div_165.png,3
750,eq_237.png,4
751,mul_43.png,2
752,mul_57.png,2
753,div_171.png,3
754,eq_223.png,4
755,div_28.png,3
756,div_14.png,3
757,div_2.png,3
758,mul_4.png,2
759,mul_9.png,2
760,div_19.png,3
761,div_25.png,3
762,div_31.png,3
763,div_168.png,3
764,eq_206.png,4
765,div_154.png,3
766,minus_7.png,1
767,mul_72.png,2
768,mul_66.png,2
769,eq_212.png,4
770,div_140.png,3
771,mul_274.png,2
772,plus_32.png,0
773,mul_512.png,2
774,mul_99.png,2
775,mul_506.png,2
776,plus_26.png,0
777,mul_260.png,2
778,mul_248.png,2
779,div_197.png,3
780,minus_37.png,1
781,minus_23.png,1
782,div_183.png,3
783,eq_57.png,4
784,mul_499.png,2
785,eq_43.png,4
786,mul_300.png,2
787,mul_466.png,2
788,mul_472.png,2
789,mul_314.png,2
790,eq_94.png,4
791,eq_80.png,4
792,mul_328.png,2
793,eq_158.png,4
794,eq_170.png,4
795,div_222.png,3
796,eq_164.png,4
797,div_236.png,3
798,mul_102.png,2
799,mul_116.png,2
800,mul_117.png,2
801,mul_103.png,2
802,div_237.png,3
803,eq_165.png,4
804,div_223.png,3
805,eq_171.png,4
806,eq_159.png,4
807,minus.png,1
808,eq_81.png,4
809,mul_329.png,2
810,eq_95.png,4
811,mul_473.png,2
812,mul_315.png,2
813,mul_301.png,2
814,mul_467.png,2
815,eq_42.png,4
816,mul_498.png,2
817,eq_56.png,4
818,minus_22.png,1
819,div_182.png,3
820,div_196.png,3
821,mul_249.png,2
822,minus_36.png,1
823,plus_27.png,0
824,mul_507.png,2
825,mul_98.png,2
826,mul_261.png,2
827,mul_275.png,2
828,mul_513.png,2
829,plus_33.png,0
830,mul_67.png,2
831,div_141.png,3
832,eq_213.png,4
833,div_155.png,3
834,eq_207.png,4
835,mul_73.png,2
836,minus_6.png,1
837,div_169.png,3
838,div_30.png,3
839,div_24.png,3
840,div_18.png,3
841,mul_8.png,2
842,div_32.png,3
843,div_26.png,3
844,mul_59.png,2
845,eq_239.png,4
846,eq_211.png,4
847,div_143.png,3
848,mul_65.png,2
849,minus_4.png,1
850,mul_71.png,2
851,eq_205.png,4
852,mul_288.png,2
853,div_157.png,3
854,mul_263.png,2
855,mul_505.png,2
856,plus_25.png,0
857,plus_31.png,0
858,mul_511.png,2
859,mul_277.png,2
860,div_180.png,3
861,plus_19.png,0
862,minus_20.png,1
863,mul_539.png,2
864,minus_34.png,1
865,div_194.png,3
866,eq_359.png,4
867,eq_68.png,4
868,eq_40.png,4
869,eq_54.png,4
870,mul_317.png,2
871,mul_471.png,2
872,mul_465.png,2
873,mul_303.png,2
874,eq_83.png,4
875,mul_459.png,2
876,eq_97.png,4
877,div_209.png,3
878,eq_167.png,4
879,div_235.png,3
880,eq_173.png,4
881,div_221.png,3
882,mul_115.png,2
883,eq_198.png,4
884,mul_101.png,2
885,mul_129.png,2
886,mul_128.png,2
887,mul_100.png,2
888,eq_199.png,4
889,mul_114.png,2
890,div_220.png,3
891,eq_172.png,4
892,div_234.png,3
893,eq_166.png,4
894,div_208.png,3
895,eq_96.png,4
896,mul_458.png,2
897,eq_82.png,4
898,mul_464.png,2
899,mul_302.png,2
900,mul_316.png,2
901,mul_470.png,2
902,eq_55.png,4
903,eq_41.png,4
904,eq_69.png,4
905,eq_358.png,4
906,eq.png,4
907,minus_35.png,1
908,div_195.png,3
909,div_181.png,3
910,mul_538.png,2
911,minus_21.png,1
912,plus_18.png,0
913,mul_510.png,2
914,plus_30.png,0
915,mul_276.png,2
916,mul_262.png,2
917,plus_24.png,0
918,mul_504.png,2
919,mul_70.png,2
920,minus_5.png,1
921,div_156.png,3
922,mul_289.png,2
923,eq_204.png,4
924,div_142.png,3
925,eq_210.png,4
926,mul_64.png,2
927,eq_238.png,4
928,mul_58.png,2
929,div_27.png,3
930,div_33.png,3
931,div_37.png,3
932,div_23.png,3
933,div_9.png,3
934,mul_60.png,2
935,eq_214.png,4
936,div_146.png,3
937,mul_299.png,2
938,eq_200.png,4
939,div_152.png,3
940,minus_1.png,1
941,mul_74.png,2
942,eq_228.png,4
943,mul_48.png,2
944,minus_25.png,1
945,div_185.png,3
946,div_191.png,3
947,minus_31.png,1
948,mul_528.png,2
949,minus_19.png,1
950,mul_500.png,2
951,mul.png,2
952,plus_20.png,0
953,mul_266.png,2
954,mul_272.png,2
955,plus_34.png,0
956,mul_514.png,2
957,eq_45.png,4
958,eq_51.png,4
959,eq_79.png,4
960,eq_348.png,4
961,eq_86.png,4
962,mul_448.png,2
963,eq_92.png,4
964,mul_474.png,2
965,mul_312.png,2
966,mul_306.png,2
967,mul_460.png,2
968,eq_162.png,4
969,div_230.png,3
970,eq_176.png,4
971,div_224.png,3
972,div_218.png,3
973,mul_138.png,2
974,mul_110.png,2
975,mul_104.png,2
976,eq_189.png,4
977,eq_188.png,4
978,mul_105.png,2
979,mul_111.png,2
980,mul_139.png,2
981,div_219.png,3
982,div_225.png,3
983,eq_177.png,4
984,div_231.png,3
985,eq_163.png,4
986,mul_307.png,2
987,mul_461.png,2
988,mul_475.png,2
989,mul_313.png,2
990,eq_93.png,4
991,mul_449.png,2
992,eq_87.png,4
993,eq_349.png,4
994,eq_78.png,4
995,eq_50.png,4
996,eq_44.png,4
997,mul_273.png,2
998,mul_515.png,2
999,plus_35.png,0
1000,plus_21.png,0
1001,mul_501.png,2
1002,minus_18.png,1
1003,mul_267.png,2
1004,div_190.png,3
1005,mul_529.png,2
1006,minus_30.png,1
1007,minus_24.png,1
1008,div_184.png,3
1009,mul_49.png,2
1010,eq_229.png,4
1011,div_153.png,3
1012,eq_201.png,4
1013,mul_75.png,2
1014,mul_61.png,2
1015,mul_298.png,2
1016,div_147.png,3
1017,eq_215.png,4
1018,div_8.png,3
1019,div_22.png,3
1020,div_36.png,3
1021,div_20.png,3
1022,div_34.png,3
1023,minus_2.png,1
1024,mul_77.png,2
1025,eq_203.png,4
1026,div_151.png,3
1027,eq_217.png,4
1028,div_145.png,3
1029,mul_63.png,2
1030,div_179.png,3
1031,minus_32.png,1
1032,div_192.png,3
1033,div_186.png,3
1034,mul_259.png,2
1035,minus_26.png,1
1036,plus_37.png,0
1037,mul_88.png,2
1038,mul_517.png,2
1039,mul_271.png,2
1040,mul_265.png,2
1041,mul_503.png,2
1042,plus_23.png,0
1043,eq_52.png,4
1044,mul_488.png,2
1045,eq_46.png,4
1046,eq_91.png,4
1047,mul_339.png,2
1048,eq_85.png,4
1049,mul_463.png,2
1050,mul_305.png,2
1051,mul_311.png,2
1052,mul_477.png,2
1053,eq_175.png,4
1054,div_227.png,3
1055,eq_161.png,4
1056,div_233.png,3
1057,eq_149.png,4
1058,mul_107.png,2
1059,mul_113.png,2
1060,mul_112.png,2
1061,mul_106.png,2
1062,eq_148.png,4
1063,div_232.png,3
1064,eq_160.png,4
1065,div_226.png,3
1066,eq_174.png,4
1067,mul_310.png,2
1068,mul_476.png,2
1069,mul_462.png,2
1070,mul_304.png,2
1071,eq_84.png,4
1072,eq_90.png,4
1073,mul_338.png,2
1074,eq_47.png,4
1075,mul_489.png,2
1076,eq_53.png,4
1077,mul_264.png,2
1078,plus_22.png,0
1079,mul_502.png,2
1080,mul_516.png,2
1081,mul_89.png,2
1082,plus_36.png,0
1083,mul_270.png,2
1084,mul_258.png,2
1085,div_187.png,3
1086,minus_27.png,1
1087,minus_33.png,1
1088,div_193.png,3
1089,div_178.png,3
1090,div_144.png,3
1091,eq_216.png,4
1092,mul_62.png,2
1093,mul_76.png,2
1094,minus_3.png,1
1095,div_150.png,3
1096,eq_202.png,4
1097,div_35.png,3
1098,div_21.png,3
1099,div_309.png,3
1100,div_335.png,3
1101,div_85.png,3
1102,div_91.png,3
1103,div_321.png,3
1104,div_46.png,3
1105,div_52.png,3
1106,eq_259.png,4
1107,mul_39.png,2
1108,plus_86.png,0
1109,minus_97.png,1
1110,mul_11.png,2
1111,mul_11.png,2
1112,eq_265.png,4
1113,div_137.png,3
1114,eq_271.png,4
1115,div_123.png,3
1116,minus_83.png,1
1117,minus_68.png,1
1118,plus_51.png,0
1119,mul_217.png,2
1120,mul_203.png,2
1121,plus_45.png,0
1122,minus_54.png,1
1123,minus_40.png,1
1124,plus_79.png,0
1125,eq_339.png,4
1126,eq_34.png,4
1127,eq_311.png,4
1128,mul_388.png,2
1129,eq_305.png,4
1130,eq_20.png,4
1131,eq_8.png,4
1132,mul_405.png,2
1133,mul_363.png,2
1134,mul_377.png,2
1135,mul_411.png,2
1136,mul_439.png,2
1137,div_269.png,3
1138,eq_113.png,4
1139,div_241.png,3
1140,eq_107.png,4
1141,div_255.png,3
1142,mul_161.png,2
1143,mul_175.png,2
1144,div_282.png,3
1145,mul_149.png,2
1146,div_296.png,3
1147,div_297.png,3
1148,mul_148.png,2
1149,div_283.png,3
1150,mul_174.png,2
1151,mul_160.png,2
1152,minus_118.png,1
1153,div_254.png,3
1154,eq_106.png,4
1155,div_240.png,3
1156,eq_112.png,4
1157,div_268.png,3
1158,mul_438.png,2
1159,mul_376.png,2
1160,mul_410.png,2
1161,mul_404.png,2
1162,mul_362.png,2
1163,eq_304.png,4
1164,mul_389.png,2
1165,eq_9.png,4
1166,eq_21.png,4
1167,eq_35.png,4
1168,eq_310.png,4
1169,eq_338.png,4
1170,plus_78.png,0
1171,minus_41.png,1
1172,minus_55.png,1
1173,mul_202.png,2
1174,plus_44.png,0
1175,plus_50.png,0
1176,minus_69.png,1
1177,mul_216.png,2
1178,div_122.png,3
1179,eq_270.png,4
1180,minus_82.png,1
1181,mul_10.png,2
1182,minus_96.png,1
1183,div_136.png,3
1184,eq_264.png,4
1185,plus_87.png,0
1186,mul_38.png,2
1187,eq_258.png,4
1188,div_53.png,3
1189,div_47.png,3
1190,div_90.png,3
1191,div_320.png,3
1192,div_334.png,3
1193,div_84.png,3
1194,div_308.png,3
1195,div_322.png,3
1196,div_92.png,3
1197,div_86.png,3
1198,div_79.png,3
1199,div_51.png,3
1200,div_45.png,3
1201,plus_85.png,0
1202,div_108.png,3
1203,div_108.png,3
1204,minus_80.png,1
1205,eq_272.png,4
1206,div_120.png,3
1207,eq_266.png,4
1208,div_134.png,3
1209,minus_94.png,1
1210,mul_12.png,2
1211,plus_46.png,0
1212,mul_200.png,2
1213,mul_214.png,2
1214,eq_299.png,4
1215,plus_52.png,0
1216,minus_43.png,1
1217,mul_228.png,2
1218,minus_57.png,1
1219,eq_23.png,4
1220,eq_306.png,4
1221,eq_312.png,4
1222,eq_37.png,4
1223,mul_412.png,2
1224,mul_374.png,2
1225,mul_360.png,2
1226,mul_406.png,2
1227,mul_348.png,2
1228,eq_138.png,4
1229,eq_104.png,4
1230,mul_189.png,2
1231,div_256.png,3
1232,eq_110.png,4
1233,div_242.png,3
1234,mul_176.png,2
1235,mul_162.png,2
1236,div_295.png,3
1237,div_281.png,3
1238,div_280.png,3
1239,div_294.png,3
1240,mul_163.png,2
1241,mul_177.png,2
1242,div_243.png,3
1243,eq_111.png,4
1244,div_257.png,3
1245,mul_188.png,2
1246,eq_105.png,4
1247,eq_139.png,4
1248,mul_349.png,2
1249,mul_361.png,2
1250,mul_407.png,2
1251,mul_413.png,2
1252,mul_375.png,2
1253,eq_313.png,4
1254,eq_36.png,4
1255,eq_22.png,4
1256,eq_307.png,4
1257,mul_229.png,2
1258,minus_56.png,1
1259,minus_42.png,1
1260,eq_298.png,4
1261,mul_215.png,2
1262,plus_53.png,0
1263,plus_47.png,0
1264,mul_201.png,2
1265,div_135.png,3
1266,eq_267.png,4
1267,mul_13.png,2
1268,minus_95.png,1
1269,minus_81.png,1
1270,div_121.png,3
1271,eq_273.png,4
1272,div_109.png,3
1273,plus_90.png,0
1274,plus_84.png,0
1275,div_44.png,3
1276,div_50.png,3
1277,div_78.png,3
1278,div_87.png,3
1279,div_323.png,3
1280,div_93.png,3
1281,div_97.png,3
1282,div_327.png,3
1283,div_333.png,3
1284,div_83.png,3
1285,div_54.png,3
1286,div_40.png,3
1287,div_68.png,3
1288,eq_277.png,4
1289,div_125.png,3
1290,minus_85.png,1
1291,mul_17.png,2
1292,minus_91.png,1
1293,eq_263.png,4
1294,div_131.png,3
1295,div_119.png,3
1296,plus_80.png,0
1297,mul_239.png,2
1298,minus_46.png,1
1299,minus_52.png,1
1300,mul_205.png,2
1301,eq_288.png,4
1302,plus_43.png,0
1303,plus_57.png,0
1304,mul_211.png,2
1305,eq_303.png,4
1306,eq_26.png,4
1307,eq_32.png,4
1308,eq_317.png,4
1309,mul_359.png,2
1310,mul_371.png,2
1311,mul_417.png,2
1312,mul_403.png,2
1313,mul_365.png,2
1314,eq_101.png,4
1315,div_253.png,3
1316,eq_115.png,4
1317,div_247.png,3
1318,mul_198.png,2
1319,eq_129.png,4
1320,div_290.png,3
1321,div_284.png,3
1322,mul_173.png,2
1323,mul_167.png,2
1324,mul_166.png,2
1325,mul_172.png,2
1326,div_285.png,3
1327,div_291.png,3
1328,eq_128.png,4
1329,mul_199.png,2
1330,div_246.png,3
1331,eq_114.png,4
1332,div_252.png,3
1333,eq_100.png,4
1334,mul_402.png,2
1335,mul_364.png,2
1336,mul_370.png,2
1337,mul_416.png,2
1338,mul_358.png,2
1339,eq_33.png,4
1340,eq_316.png,4
1341,eq_302.png,4
1342,eq_27.png,4
1343,plus_56.png,0
1344,mul_210.png,2
1345,eq_289.png,4
1346,mul_204.png,2
1347,plus_42.png,0
1348,minus_53.png,1
1349,mul_238.png,2
1350,minus_47.png,1
1351,div_118.png,3
1352,plus_81.png,0
1353,minus_90.png,1
1354,mul_16.png,2
1355,div_130.png,3
1356,eq_262.png,4
1357,div_124.png,3
1358,eq_276.png,4
1359,minus_84.png,1
1360,div_69.png,3
1361,div_41.png,3
1362,div_55.png,3
1363,div_332.png,3
1364,div_82.png,3
1365,div_96.png,3
1366,div_326.png,3
1367,div_80.png,3
1368,div_330.png,3
1369,div_324.png,3
1370,div_94.png,3
1371,div_318.png,3
1372,div_43.png,3
1373,div_57.png,3
1374,eq_260.png,4
1375,div_132.png,3
1376,mul_14.png,2
1377,minus_92.png,1
1378,minus_86.png,1
1379,eq_274.png,4
1380,div_126.png,3
1381,mul_28.png,2
1382,plus_83.png,0
1383,eq_248.png,4
1384,plus_68.png,0
1385,minus_51.png,1
1386,mul_548.png,2
1387,minus_45.png,1
1388,plus_8.png,0
1389,mul_212.png,2
1390,plus_54.png,0
1391,plus_40.png,0
1392,minus_79.png,1
1393,mul_206.png,2
1394,mul_399.png,2
1395,eq_314.png,4
1396,eq_31.png,4
1397,eq_25.png,4
1398,eq_300.png,4
1399,eq_328.png,4
1400,eq_19.png,4
1401,mul_428.png,2
1402,mul_366.png,2
1403,mul_400.png,2
1404,mul_414.png,2
1405,mul_372.png,2
1406,minus_108.png,1
1407,eq_116.png,4
1408,div_244.png,3
1409,eq_102.png,4
1410,div_250.png,3
1411,div_278.png,3
1412,div_287.png,3
1413,mul_158.png,2
1414,div_293.png,3
1415,mul_164.png,2
1416,mul_170.png,2
1417,mul_171.png,2
1418,mul_165.png,2
1419,div_292.png,3
1420,mul_159.png,2
1421,div_286.png,3
1422,div_279.png,3
1423,div_251.png,3
1424,eq_103.png,4
1425,minus_109.png,1
1426,div_245.png,3
1427,eq_117.png,4
1428,mul_415.png,2
1429,mul_373.png,2
1430,mul_367.png,2
1431,mul_401.png,2
1432,mul_429.png,2
1433,eq_18.png,4
1434,eq_329.png,4
1435,eq_24.png,4
1436,eq_301.png,4
1437,eq_315.png,4
1438,mul_398.png,2
1439,eq_30.png,4
1440,minus_78.png,1
1441,plus_41.png,0
1442,mul_207.png,2
1443,mul_213.png,2
1444,plus_55.png,0
1445,minus_44.png,1
1446,plus_9.png,0
1447,mul_549.png,2
1448,minus_50.png,1
1449,plus_69.png,0
1450,plus_82.png,0
1451,eq_249.png,4
1452,mul_29.png,2
1453,minus_87.png,1
1454,div_127.png,3
1455,eq_275.png,4
1456,div_133.png,3
1457,eq_261.png,4
1458,minus_93.png,1
1459,mul_15.png,2
1460,div_56.png,3
1461,div_42.png,3
1462,div_319.png,3
1463,div_325.png,3
1464,div_95.png,3
1465,div_81.png,3
1466,div_331.png,3
